{
  "required": true,
  "minVersion": "0.8",
  "package": "org.orgna.carpet_org.mixin",
  "compatibilityLevel": "JAVA_17",
  "mixins": [
    "rule.AbstractBlockMixin",
    "rule.AbstractPiglinEntityMixin",
    "rule.AbstractPlantStemBlockMixin",
    "rule.AnvilScreenHandlerMixin",
    "rule.BatEntityMixin",
    "rule.BeaconBlockEntityMixin",
    "rule.BindingCurseEnchantmentMixin",
    "rule.BowItemMixin",
    "rule.CreeperEntityMixin",
    "rule.DamageEnchantmentMixin",
    "rule.EndermanEntityMixin",
    "rule.EnderPearlEntityMixin",
    "rule.FarmlandBlockMixin",
    "rule.FireworkRocketItemMixin",
    "rule.FishingMixin",
    "rule.GameRuleCommandMixin",
    "rule.HayBlockMixin",
    "rule.IceBlockMixin",
    "rule.IronGolemEntityMixin",
    "rule.ItemEntityMixin",
    "rule.KnockbackEnchantmentMixin",
    "rule.LivingEntityMixin",
    "rule.MagmaCubeEntityMixin",
    "rule.MiningToolItemMixin",
    "rule.NetherPortalBlockMixin",
    "rule.PiglinBrainMixin",
    "rule.PistonBlockMixin",
    "rule.PlayerEntityMixin",
    "rule.ProtectionEnchantmentMixin",
    "rule.RedstoneWireBlockMixin",
    "rule.RegisterCarpetCommandsMixin",
    "rule.SculkShriekerBlockMixin",
    "rule.SeedCommandMixin",
    "rule.ShulkerBoxBlockMixin",
    "rule.SnowGolemEntityMixin",
    "rule.SpawnerBlockMixin",
    "rule.StatusEffectMixin",
    "rule.SwiftSneakEnchantmentMixin",
    "rule.ThornsEnchantmentMixin",
    "rule.TradeOfferMixin",
    "rule.TridentItemMixin",
    "rule.TurtleEggBlockMixin",
    "rule.VillagerEntityMixin",
    "rule.WitherSkeletonEntitySpawnMixin",
    "rule.carpet.EntityPlayerMPFakeMixin",
    "rule.carpet.PlayerCommandMixin",
    "rule.channelingignoreweather.LightningRodBlockMixin",
    "rule.channelingignoreweather.TridentEntityMixin",
    "rule.playerinteraction.GameRendererMixin",
    "rule.playerinteraction.ServerPlayerInteractionManagerMixin",
    "rule.playerinteraction.ServerPlayNetworkHandlerMixin",
    "rule.respawnblocksexplode.BedBlockMixin",
    "rule.respawnblocksexplode.RespawnAnchorBlockMixin"
  ],
  "client": [
    "rule.client.carpet.SettingsManagerMixin"
  ],
  "injectors": {
    "defaultRequire": 1
  }
}
