{
  "schemaVersion": 1,
  "id": "carpet-org-addition",
  "version": "${version}",
  "name": "Carpet Org Addition",
  "description": "",
  "authors": [],
  "contact": {},
  "license": "MIT",
  "icon": "assets/carpet-org-addition/icon.png",
  "environment": "*",
  "entrypoints": {
    "client": [
      "org.orgna.carpet_org.client.CarpetOrgClient"
    ],
    "main": [
      "org.orgna.carpet_org.CarpetOrgAddition"
    ]
  },
  "mixins": [
    "carpet_org.mixins.json"
  ],
  "depends": {
    "fabricloader": ">=${loader_version}",
    "minecraft": "${minecraft_version}"
  }
}
